ankle_dist,foot_spread,foot_y_std,left_straightness,right_straightness,left_turnout_angle,right_turnout_angle,cross_factor,left_leg_len,right_leg_len,heel_toe_overlap_left,heel_toe_overlap_right,ankle_x_dist,left_foot_vis,right_foot_vis,back_heel_to_front_bigtoe,back_heel_to_front_smalltoe,label,video_id
0.19079055562215677,0.9488003678265706,13.89775724826444,19.511199999999995,5.935199999999997,0.0,0.0,-1.0,164.21003117774856,153.8577753742458,0.44998441433107583,0.239677241402216,0.17390609911435229,3.0,2.2,0.44998441433107583,0.28948034638366177,2,3_yt_c11
0.1911434920017273,0.7894301740861452,10.031946035208092,2.485028571428571,18.10377857142857,0.0,0.0,1.0,212.77160881390438,214.25064863371756,0.42033053517032193,0.3383183879811006,0.19099770362246127,2.7857142857142856,2.992857142857143,0.330205263252626,0.3383183879811006,2,3_yt_c1
0.8031978853095314,0.9572334185560587,16.734948314408747,18.07340099009901,36.6960594059406,88.74443974775788,144.0548273228241,-1.0,110.7100036142274,126.88856692539399,0.831090433677686,0.5751495013434855,0.7943119340098336,3.0,3.0,0.831090433677686,0.7666579244657269,3,4_yt_c1
0.7348896576518649,1.4000148484435504,8.331519563232392,16.539423076923075,2.754619230769229,0.0,0.0,1.0,129.75816466065982,103.29594099957424,0.8116672626227464,0.5988487232446518,0.7250421486803318,2.6153846153846154,2.8076923076923075,0.9943068860982367,0.5988487232446518,3,4_yt_c2
0.5206918874166139,1.1655099771770243,14.285629041908438,0.17603448275862132,12.619228448275862,0.0,0.0,1.0,199.65238647060116,233.3906143509901,0.9116038112409883,0.6610565618337627,0.49503621559797684,3.0,2.0,0.6357882849487575,0.6610565618337627,3,4_yt_c3
0.6455107802002474,1.075822876754058,11.585390514656368,4.976596774193548,31.3835,0.0,0.0,1.0,200.09070600965444,220.22955038865896,0.8619199848237024,0.7239742289040038,0.6323533646687709,3.0,2.8548387096774195,0.703390626735668,0.7239742289040038,3,4_yt_c6
0.41570246884360124,0.5551420674604945,10.395106180444227,14.513285714285718,21.73665714285714,0.0,149.5998285789006,-1.0,121.3135783656842,128.7767995396053,0.4176606367430287,0.0,0.414905874987946,1.0,3.0,0.4176606367430287,0.3704054740675249,4,5_yt_c1
0.1925749587669589,0.5292210847041622,3.489245561228739,0.16999999999999782,13.93818181818182,0.0,108.62194358865776,1.0,140.87948060195467,139.62225070796492,0.5292874147781217,0.0,0.19219306108049636,1.0,3.0,0.0,0.0,4,5_yt_c3
